,METHOD,MODE,FILENAME,SIZE_BYTE,ELAPSED_SEC
0,DES,MODE_ECB,big.txt,23896452,0.3095872402191162
1,DES,MODE_ECB,big.txt,23896452,0.2986338138580322
2,RC4,,big.txt,23896452,32.32612180709839
3,RC4,,big.txt,23896452,33.69107675552368
4,RC4,,big.txt,23896452,0.2002267837524414
5,RC4lib,,big.txt,23896452,0.1967947483062744
0,RC4lib,,big.txt,23896452,0.1934189796447754
